Word,Count
Man,94
Last,47
Love,39
Dead,37
Girl,37
Night,36
World,34
Black,33
Day,32
House,31
Life,29
Star,29
One,29
Good,26
Story,25
American,25
Part,25
Red,25
Dark,23
King,23
Little,23
Big,22
City,22
War,21
Bad,21
Time,21
Evil,20
Lost,20
Wild,19
Mr,19
Blue,19
First,18
Home,18
Boy,18
Secret,18
New,18
Three,17
Death,17
Dragon,17
Wedding,17
Fire,17
Street,17
White,16
Die,16
Run,15
Game,15
High,15
Kill,15
Way,15
Two,15
Woman,15
Never,14
Great,14
Age,14
Legend,13
Baby,13
Ghost,13
Friday,13
Summer,13
Back,13
Harry,12
Space,12
Go,12
Trek,12
Devil,12
Spy,12
Final,12
Blood,12
Girls,12
Ice,12
Midnight,12
Next,12
Perfect,12
Lady,12
Kid,12
Hard,11
Hot,11
End,11
Dawn,11
Road,11
Escape,11
Murder,11
Train,11
Old,10
Green,10
Batman,10
Fantastic,10
Seven,10
Best,10
Sky,10
Island,10
Hotel,10
Moon,10
Earth,10
Year,10
Return,10
Episode,9
Four,9
Dog,9
Book,9
Family,9
Fear,9
Now,9
Witch,9
SpiderMan,9
Live,9
Queen,9
Heaven,9
Sea,9
Young,9
Heart,9
School,9
Beauty,9
Wolf,8
TRUE,8
Adventures,8
Just,8
Alive,8
Diary,8
Captain,8
Name,8
Iron,8
Knight,8
Planet,8
Double,8
Rise,8
People,8
Christmas,8
Tale,8
Living,8
Away,8
Hood,8
Potter,8
Mad,8
Mission,8
America,8
Things,8
Prince,8
Games,8
Fast,8
John,8
Get,8
Monsters,8
Gone,8
Hour,8
Gun,8
Brothers,8
Jack,8
Massacre,7
Body,7
Castle,7
Chapter,7
Children,7
Meet,7
Party,7
Blade,7
National,7
Miss,7
Holmes,7
Thief,7
Real,7
Forever,7
Furious,7
Quiet,7
Impossible,7
Saw,7
Hunter,7
Golden,7
Sex,7
Room,7
Halloween,7
Rocky,7
Rock,7
Robin,7
Hell,7
Force,7
Princess,7
Texas,7
Killer,7
Cop,7
Crazy,7
Like,7
Let,7
League,7
Deep,7
Stand,7
Fallen,7
Jungle,7
Hills,7
Empire,7
Joe,7
Express,7
West,7
Eye,7
Angels,7
Years,7
Wind,7
Battle,6
Beautiful,6
Justice,6
Jurassic,6
Valley,6
Walk,6
Thing,6
River,6
Alice,6
Club,6
Side,6
Vampire,6
Kids,6
Jones,6
Silent,6
Power,6
Johnny,6
Destination,6
Devil's,6
Hidden,6
Private,6
Dirty,6
Chronicles,6
Ever,6
Far,6
X,6
Water,6
Paris,6
Phantom,6
Alone,6
Glory,6
V,6
Sweet,6
Runner,6
Scary,6
Long,6
Pink,6
Superman,6
Park,6
Super,6
Daughter,6
Beverly,6
Full,6
Sun,6
La,6
Bride,6
Teenage,6
See,6
Know,6
Kingdom,6
Darkness,6
Terminator,6
Hill,6
Lies,6
El,6
Project,6
Edge,6
Mountain,6
Drive,6
Hunger,6
Enemy,6
Dream,6
York,6
Can,6
Tomorrow,6
Nightmare,6
Nights,6
Doctor,6
Hours,6
Naked,6
Tales,5
Caribbean,5
Horse,5
Society,5
Lord,5
Finding,5
Look,5
Aliens,5
Happy,5
Race,5
Police,5
Rabbit,5
Eight,5
Strange,5
Song,5
Mary,5
Transformers,5
Land,5
Vol,5
Plan,5
Paradise,5
Beyond,5
Breaking,5
Panther,5
Pirates,5
Something,5
Chainsaw,5
Apes,5
Kung,5
Teen,5
Ninja,5
Kong,5
Free,5
Bridge,5
Secrets,5
Spirit,5
Show,5
Lover,5
Zone,5
Kiss,5
Curse,5
Funny,5
Rain,5
Women,5
IV,5
Silver,5
Take,5
Glass,5
Job,5
Dogs,5
Line,5
Hearts,5
Toy,5
Left,5
State,5
Jason,5
Hero,5
Valentine,5
Resident,5
Revenge,5
Call,5
Sleeping,5
Ocean's,5
Rio,5
Tomb,5
Inside,5
Got,5
Army,5
Us,5
Blonde,5
List,5
Vegas,5
Juliet,5
Monster,5
Journey,5
Godzilla,4
Peter,4
Vacation,4
Hustle,4
Grave,4
Picture,4
Bourne,4
Bone,4
Gods,4
Liar,4
Lake,4
Lego,4
Country,4
Rush,4
Saga,4
Tall,4
Cat,4
Lampoon's,4
Born,4
Talk,4
Pinocchio,4
Cool,4
Later,4
Runaway,4
Hunt,4
Legacy,4
Upon,4
Greatest,4
History,4
Guys,4
Royale,4
Quest,4
Honey,4
Twilight,4
Child,4
Thor,4
Titans,4
Turtles,4
Hollow,4
Purge,4
Hole,4
Burning,4
Rings,4
Predator,4
Heat,4
Right,4
Pretty,4
Rider,4
Ride,4
Hellraiser,4
Henry,4
Jane,4
Cinderella,4
Chipmunks,4
Called,4
Came,4
Returns,4
Honor,4
Thirteen,4
Top,4
Rising,4
Addams,4
Place,4
Indiana,4
Yes,4
Tell,4
Rose,4
Wrong,4
Play,4
Guns,4
Underworld,4
Broken,4
Comes,4
Kind,4
Charlie,4
Point,4
Killing,4
Come,4
Brown,4
RoboCop,4
Karate,4
Adventure,4
Wish,4
Thieves,4
Transylvania,4
Alien,4
Cold,4
Rambo,4
Apocalypse,4
Shot,4
Sing,4
Metal,4
Detective,4
Still,4
Mean,4
Siege,4
Fat,4
Wall,4
Max,4
Walking,4
Matrix,4
Storm,4
Short,4
Diaries,4
Mask,4
Beasts,4
Wives,4
Strangers,4
Without,4
Fish,4
Date,4
Manace,4
Dangerous,4
World's,4
Magic,4
Made,4
Michael,4
Mike,4
Machine,4
Mother,4
Music,4
Driver,4
½,4
Mutant,4
Mummy,4
Speed,4
Easy,4
Dracula,4
Welcome,4
Avengers,4
Dozen,4
Snow,4
Mortal,4
Bang,4
Money,4
Squad,4
Wife,4
St,4
Angry,4
Wonder,4
Sleep,4
Every,4
Another,4
Everything,4
Warrior,4
Bandit,4
Friends,4
Shrek,4
Creatures,4
Wrath,4
Future,4
London,4
Along,4
Longest,4
Gate,4
Alvin,4
Ghostbusters,4
Pearl,4
Lion,4
Garden,4
Bill,4
Galaxy,4
God,4
Fu,4
Scream,4
Birds,4
Vengeance,4
Giant,4
God's,4
Lights,4
Bodies,4
Past,4
English,3
Enter,3
Epic,3
Tin,3
Times,3
Dog's,3
Crimes,3
Hobbit,3
Ted,3
Resurrection,3
Dirt,3
Rich,3
Saving,3
Evolution,3
Dinner,3
Crocodile,3
Tiger,3
Till,3
Christ,3
Give,3
Slayer,3
Goodnight,3
Rescue,3
Cowboy,3
TimeI,3
Engagement,3
Sword,3
Holiday,3
Human,3
Spies,3
Soldier,3
Going,3
Eagle,3
Air,3
Dreams,3
Son,3
Rangers,3
Creek,3
Goes,3
Centipede,3
Center,3
Drop,3
Soul,3
Identity,3
Godfather,3
GoldI,3
Saints,3
Charlie's,3
Saint,3
Annie,3
Say,3
Emily,3
Smokey,3
Door,3
Smurfs,3
Remember,3
South,3
Elm,3
Snake,3
Horrible,3
TV,3
Horror,3
SpongeBob,3
Creed,3
AntMan,3
Running,3
Expendables,3
Fight,3
Shadows,3
Darkest,3
Coming,3
Rules,3
Five,3
Tarzan,3
Streets,3
Fury,3
Hand,3
DayI,3
Shell,3
Sherlock,3
Colors,3
Color,3
Hangover,3
Shades,3
Fog,3
Guy,3
Guardians,3
Conspiracy,3
Conjuring,3
Friend's,3
Daddy's,3
Teacher,3
French,3
Frankenstein,3
Service,3
Confessions,3
Fox,3
Dance,3
Sunshine,3
Sense,3
Sequence,3
Happened,3
GI,3
Hellboy,3
Fifty,3
Steve,3
Fall,3
Step,3
Simple,3
Close,3
Winter's,3
Sin,3
Alexander,3
Thunder,3
Taking,3
Angel,3
D,3
Extinction,3
Single,3
Class,3
Genius,3
Thomas,3
Cloverfield,3
Sam,3
Stranger,3
Collateral,3
Grey,3
Fever,3
Amazing,3
Greek,3
Gangster,3
Falls,3
Stories,3
Father,3
Hate,3
Third,3
Stone,3
Always,3
Musketeers,3
Cheaper,3
King's,3
Jumanji,3
Mom,3
Bodyguard,3
Powers,3
LifeI,3
Nile,3
Nine,3
Level,3
Bones,3
Lethal,3
Married,3
Operation,3
Booth,3
Bullet,3
Bull,3
Mine,3
Tucker,3
News,3
Blues,3
Trouble,3
Weapon,3
Action,3
Jackson,3
Voyage,3
Troopers,3
Cabin,3
Z,3
Jesus,3
Wimpy,3
Pride,3
Prey,3
Will,3
Lincoln,3
Activity,3
VI,3
Jump,3
Act,3
U,3
Kings,3
Number,3
Law,3
Wanted,3
Pieces,3
Brady,3
May,3
Larry,3
Maybe,3
Places,3
Lane,3
LA,3
Maze,3
Art,3
Lagoon,3
Pie,3
Phone,3
Leave,3
Mind,3
Arthur,3
Ugly,3
Warriors,3
Buck,3
Keep,3
Mars,3
Million,3
Mighty,3
Boss,3
Brother,3
Nothing,3
Beast,3
Mile,3
',3
Velvet,3
Pitch,3
Wick,3
Insidious,3
Narnia,3
Pursuit,3
Bird,3
Nanny,3
Treasure,3
Casino,3
Raider,3
Paranormal,3
Austin,3
Trap,3
Weeks,3
Transporter,3
Oz,3
Need,3
Infinity,3
Belle,3
Mrs,3
Loved,3
Cars,3
Mystery,3
Nation,3
Panda,3
Across,3
Web,3
Pan,3
Catch,3
Window,3
Madagascar,3
Trip,3
Psycho,3
Museum,3
Madness,3
Morning,3
Professor,3
Academy,3
Silence,2
Shop,2
Sematary,2
Major,2
Second,2
Official,2
Shoes,2
Anatomy,2
Mass,2
Fourth,2
Maverick,2
Madison,2
Pacific,2
Feel,2
Freaky,2
Freaks,2
Fathers,2
Magnificent,2
Fate,2
Pain,2
Amityville,2
Sick,2
Paddington,2
Oldboy,2
Matilda,2
Seen,2
Omen,2
Master,2
Sicario,2
Open,2
Fist,2
Fiction,2
Fletch,2
Others,2
Flowers,2
Outlaw,2
Mamma,2
Mannequin,2
Fine,2
FALSE,2
Flintstones,2
Man's,2
Opera,2
Firestarter,2
OutI,2
Flatliners,2
OutII,2
Outer,2
Shame,2
Fisher,2
Manchurian,2
Orphan,2
Marie,2
Seventh,2
Finale,2
Make,2
Shiva,2
Sequel,2
Malcolm,2
Series,2
Field,2
Fields,2
Forbidden,2
Footloose,2
Overboard,2
Marnie,2
Orient,2
Set,2
Outside,2
Shift,2
Words,2
Marigold,2
Woods,2
Imagine,2
MeI,2
Elizabeth,2
Move,2
Education,2
Mouth,2
Social,2
Egypt,2
/,2
Election,2
Natural,2
Sniper,2
Eleven,2
Nature,2
Elite,2
Snatchers,2
Solaris,2
v,2
Smoking,2
Monte,2
Emma,2
Emperor,2
Animals,2
Enchanted,2
Encounters,2
Animal,2
Slumber,2
Endless,2
Ends,2
Eden,2
+,2
Fallout,2
Sorcerer's,2
Duke,2
Dumb,2
Dumber,2
Sound,2
Dumbo,2
Must,2
Murders,2
Dundee,2
Murderer,2
Dune,2
Sorority,2
Munich,2
Sorcerer,2
xXx,2
Sonic,2
SongI,2
Mysterious,2
Dynamite,2
SonI,2
Mulholland,2
Mystic,2
'Em,2
Someone,2
Somebody,2
Solo,2
Soldiers,2
Network,2
Mona,2
Moms,2
Fabulous,2
Notice,2
Experiment,2
Fried,2
Midway,2
Wonderful,2
November,2
Extremely,2
Musical,2
Miami,2
Mia!,2
Meters,2
Met,2
Face,2
Enforcer,2
Factory,2
Nurse,2
Nymphomaniac,2
Fair,2
Mercy,2
Falcon,2
October,2
FallI,2
Wonderland,2
Mechanic,2
Meatballs,2
Office,2
Expectations,2
Exotic,2
Exorcist,2
Exorcism,2
Mommy,2
Enola,2
Abbey,2
Enough,2
Mockingjay,2
NightI,2
Mistress,2
Equalizer,2
Misfits,2
Nobody,2
NoiseI,2
Mirror,2
Noon,2
Skull,2
Evan,2
Eve,2
Minutes,2
Minions,2
Everybody,2
Minds,2
Skin,2
WonderI,2
Sisters,2
Sisterhood,2
Sister,2
Worlds,2
Lolita,2
Friend,2
Jerry,2
Post,2
Jones's,2
Zack,2
Affair,2
Ringer,2
Affairs,2
Ring,2
Rim,2
Jobs,2
Heartbreak,2
Joan,2
Prejudice,2
Ridge,2
Zero,2
Jedi,2
Hedgehog,2
Heights,2
Riddick,2
Jaws,2
Help,2
Richard,2
Hercules,2
Jam,2
Jacket,2
Highway,2
Producers,2
Possession,2
Hawk,2
Poseidon,2
Judgment,2
Hallows,2
Rogue,2
Killers,2
Killed,2
Rocks,2
Poison,2
KickAss,2
Khan,2
Rocket,2
Hannah,2
Hannibal,2
Hansel,2
Key,2
Pool,2
Poppins,2
Hardcore,2
Harold,2
July,2
Rita,2
Julie,2
Juice,2
Rises,2
Portrait,2
Haunted,2
Haunting,2
Reunion,2
Africa,2
J,2
RED,2
Infinite,2
Racing,2
Host,2
Reign,2
Hostel,2
Inferno,2
Indian,2
Redemption,2
Independence,2
Raid,2
Recruit,2
Hulk,2
Incredibles,2
Railway,2
Ready,2
Hunting,2
Huntsman,2
Raising,2
Afternoon,2
Reacher,2
Ray,2
Agent,2
Ralph,2
Impact,2
Imitation,2
Rachel,2
Afterlife,2
Aladdin,2
Horizon,2
Italy,2
Italian,2
ItI,2
Hitman's,2
Ho,2
Irishman,2
Ip,2
Invasion,2
Hocus,2
Rescuers,2
Punch,2
Punisher,2
International,2
Requiem,2
Purple,2
Hollywood,2
Intelligence,2
Report,2
Yard,2
Repo,2
Homecoming,2
Puss,2
Rental,2
Instinct,2
Hope,2
Pocus,2
Roman,2
Zoolander,2
Lisa,2
Gentlemen,2
George,2
Paul,2
Payne,2
Getaway,2
Scared,2
Lizzie,2
Ghosts,2
Peak,2
Gigi,2
Save,2
Wounds,2
Lions,2
Romance,2
Lines,2
Sand,2
San,2
Pelham,2
Samaritan,2
Penguins,2
Percy,2
Light,2
Lieutenant,2
Liberty,2
Letters,2
Gold,2
Range,2
Patriot,2
Generation,2
ScoobyDoo,2
Pale,2
Fright,2
Palm,2
Macbeth,2
Season,2
Front,2
Frontier,2
FrozenI,2
Pants,2
Paper,2
Lyle,2
Parent,2
Worry,2
Lucky,2
Luck,2
Lovers,2
Louis,2
Lot,2
Gangs,2
Passion,2
Lords,2
Garfield,2
Looking,2
Gatsby,2
Score,2
Less,2
Pet,2
Pete's,2
Grit,2
Royal,2
Labyrinth,2
Grown,2
Pizza,2
Round,2
Guard,2
Kramer,2
Kombat,2
Knows,2
Guess,2
Plane,2
Guide,2
Adjustment,2
Guilty,2
Knock,2
Knives,2
Gunfight,2
Kissing,2
Kingsman,2
RoomI,2
Rookie,2
Roof,2
Ronin,2
Romeo,2
Half,2
Ground,2
Grinch,2
Said,2
Lair,2
Phantasm,2
Adam,2
Safe,2
Goodbye,2
Sadness,2
Sacred,2
Legally,2
Sabrina,2
Ryan,2
Philadelphia,2
Rust,2
Grace,2
Phoenix,2
Piano,2
Grandpa,2
RunI,2
Las,2
Gray,2
Grease,2
Almighty,2
Lara,2
Rumble,2
Gremlins,2
Gretel,2
Piranha,2
Duel,2
Fisherman's,2
Taken,2
Up!,2
Break,2
Delivery,2
Birdy,2
Chitty,2
Demolition,2
Company,2
Demon,2
Brazil,2
Chip,2
Basic,2
Titan,2
Untamed,2
Brave,2
Together,2
Stir,2
Chocolate,2
Deliver,2
Basketball,2
Bayou,2
View,2
Beach,2
Decision,2
Twins,2
Billy,2
Wizard,2
Christine,2
Twice,2
Deer,2
Bunch,2
Unleashed,2
Bunny,2
Batch,2
Walls,2
Chicken,2
Conan,2
Wasp,2
Turbo,2
Butter,2
Butterfly,2
Chasing,2
BoyI,2
Around,2
Banks,2
Tommy,2
Bandits,2
Willy,2
Blair,2
Suspicion,2
Congeniality,2
Truth,2
Blank,2
Crown,2
Barbarian,2
Barbershop,2
Artemis,2
Steel,2
Desire,2
Stepford,2
Stepfather,2
Despicable,2
Destiny,2
Destroyer,2
Cry,2
Stay,2
Vice,2
Detroit,2
Want,2
Wants,2
Tokyo,2
Crush,2
Chronicle,2
Chuck,2
Cure,2
Curious,2
Dare,2
Damage,2
Beginning,2
Dalmatians,2
Collins,2
Thousand,2
Dale,2
Virgin,2
Strings,2
Violent,2
Unbearable,2
Violence,2
Click,2
Clerks,2
Strikes,2
Dame,2
Benjamin,2
Beguiled,2
Collector,2
Bringing,2
BenHur,2
Unexpected,2
Bell,2
Stupid,2
Code,2
Thelma,2
Brooklyn,2
Wire,2
Dangerously,2
Underdog,2
Uncut,2
Cobra,2
Volcano,2
Unfriended,2
Bridget,2
Bridges,2
Deadpool,2
United,2
Sunrise,2
CinderellaI,2
BeastI,2
Straw,2
Sunset,2
Bigger,2
Tie,2
Cut,2
Breathe,2
Dear,2
Universe,2
Bear,2
Deathly,2
Brian,2
Citizen,2
Bubble,2
Sue,2
Daddy,2
Beth,2
Darlings,2
Better,2
Dates,2
Dave,2
Vincent,2
Anything,2
David,2
Clash,2
Suicide,2
Bedazzled,2
Tides,2
Village,2
Dinosaur,2
Barb,2
Doors,2
Boat,2
Bob,2
Tammy,2
Town,2
Sponge,2
Talking,2
Corn,2
Candidate,2
Wicker,2
Crank,2
Splash,2
Craft,2
Wicked,2
Spit,2
Downton,2
Spirited,2
Dorado,2
Apollo,2
Blow,2
Boots,2
Target,2
Swiss,2
Wayne's,2
Ways,2
Don,2
Donnie,2
Tap,2
Trial,2
Doom,2
Tank,2
Cause,2
BC,2
Borat,2
Ball,2
Tango,2
Witches,2
Candy,2
Week,2
Weekend,2
Drift,2
Covenant,2
Cousin,2
Whale,2
Tramp,2
Drinking,2
Carnage,2
Tail,2
Atlantis,2
Traveling,2
County,2
Card,2
Assassin,2
Care,2
Duck,2
Carrie,2
Carter,2
Attic,2
Armageddon,2
Annabelle,2
Cradle,2
Candyman,2
Cannonball,2
Weird,2
Avenger,2
Avatar,2
Attraction,2
Case,2
Cowboys,2
Spider,2
Count,2
Trainspotting,2
Western,2
WayI,2
Theory,2
Tower,2
Calls,2
Wolves,2
Bound,2
Total,2
BackI,2
Cha,2
Troll,2
Venom,2
Taxi,2
Cake,2
Contact,2
Django,2
Croft,2
Croods,2
Urban,2
Divergent,2
Team,2
Upside,2
Swan,2
WatcherI,2
Distance,2
Crouching,2
C'mon,2
Watch,2
Disguise,2
Changeling,2
Chaos,2
Disaster,2
Triple,2
Trolls,2
Dollar,2
Dolls,2
Tattoo,2
Crimson,2
Bloody,2
Criminal,2
Central,2
Bosses,2
Dolittle,2
Dollars,2
Tour,2
Wave,2
Pi,1
Unforgivable,1
Zodiac,1
Pikachu,1
Unfinished,1
Zohan,1
Planets,1
Pianist,1
Played,1
Pilgrim,1
Planner,1
Piggy,1
Untraceable,1
UnknownI,1
Phenomena,1
Valentine's,1
Unpregnant,1
Playbook,1
Valerian,1
Pick,1
UnlockedI,1
Pit,1
Unfaithful,1
Ups,1
Platform,1
Platoon,1
Personal,1
Zhivago,1
Valance,1
Uprising,1
UpsI,1
Unforgiven,1
V/H/S,1
Planes,1
Willy's,1
Zissou,1
Unicorn,1
Plains,1
Placid,1
UsII,1
UsI,1
VIII,1
Pettigrew,1
Untold,1
Uninvited,1
Petite,1
Pets,1
Pines,1
Phillips,1
VII,1
Universal,1
Pixie,1
Unholy,1
University,1
Pineapple,1
Photo,1
VacationI,1
PersuasionI,1
Unfortunate,1
Upgrade,1
Vacancy,1
UnhingedI,1
UpI,1
Philomena,1
Usual,1
Unsane,1
Used,1
Unstoppable,1
Pixels,1
Picnic,1
Southland,1
Player,1
PrincessI,1
Troop,1
Prison,1
Prisoner,1
Prisoners,1
Tron,1
Problem,1
Prodigy,1
Trollhunter,1
Professional,1
Tristan,1
Professionals,1
Trinity,1
Trinian's,1
ProfessorI,1
ProfileI,1
Triangle,1
Prom,1
Priscilla,1
Tropic,1
PrometheusI,1
Yuma,1
Tub,1
Present,1
Tryin',1
Presents,1
President's,1
Prestige,1
Presumed,1
Pretoria,1
Truths,1
TrustI,1
PreyI,1
Trumbo,1
PrideI,1
Primal,1
Truman,1
Primer,1
Troy,1
YouthI,1
PromiseII,1
Predators,1
Win,1
Pupil,1
PurgeI,1
Purpose,1
Trees,1
Push,1
Tree,1
Treader,1
Pussycats,1
Q,1
Quadrophenia,1
Travels,1
Quantum,1
Quantumania,1
Youngblood,1
Traveler's,1
Quick,1
Quills,1
Punk!,1
PunchDrunk,1
Promises,1
Pulse,1
Youth,1
Trials,1
Promising,1
Pronounce,1
Prophecy,1
Proposal,1
ProposalI,1
Prosecution,1
Prospect,1
Protocol,1
Protégé,1
Proxy,1
Trespass,1
Tremors,1
Psychopaths,1
Public,1
Pulp,1
PredestinationI,1
PreciousII,1
Pleasantville,1
UnbrokenI,1
Umma,1
Pokémon,1
Pola,1
Polar,1
PolarI,1
Ultron,1
Policeman,1
Polly,1
Poltergeist,1
PompeiiI,1
Ultra,1
Pond,1
Pony,1
Ponyo,1
Pooh,1
Ultimatum,1
Popes,1
Unborn,1
Zardoz,1
US,1
Uncaged,1
Pleasure,1
Undone,1
Undiscovered,1
PledgeI,1
Underpants,1
PocahontasI,1
Underground,1
Poetic,1
Poets,1
Uncle,1
PointI,1
Uncharted,1
Unchained,1
Zen,1
Wilson's,1
Zathura,1
Pointe,1
USA,1
Popeye,1
Precinct,1
Postcard,1
Potato,1
Tuxedo,1
TuskI,1
Tuscan,1
Pound,1
Pounds,1
Pow,1
Turning,1
Turn,1
Powerful,1
Turistas,1
Tunes,1
Tully,1
Tulip,1
Tuck,1
Prada,1
Preacher,1
Postman,1
Twelve,1
UNCLE,1
Possessor,1
Popper's,1
UHF,1
Poppy,1
Popstar,1
Persona,1
Porco,1
Tár,1
Tyrannosaur,1
Tyler,1
Wimbledon,1
TwisterI,1
Porky's,1
Porno,1
Twin,1
TwilightI,1
Positive,1
PossessionI,1
Zapped!,1
Patriots,1
Person,1
Nowhere,1
Wardrobe,1
Ward's,1
Warcraft,1
Notre,1
Notting,1
de,1
commerce,1
WarGames,1
Number?,1
Warlock,1
Numbers,1
Nun,1
Nuremberg,1
Wanna,1
Wanderlust,1
Nutcracker,1
Nutty,1
Wandering,1
Notorious,1
Notes,1
Wanderers,1
Wasseypur,1
NobodyI,1
Nocturnal,1
Noel,1
Watchmen,1
Nomadland,1
NonStop,1
WatchI,1
Nope,1
Norbit,1
Notebook,1
Warmest,1
North,1
Northman,1
Northwest,1
Nosferatu,1
NotI,1
Warm,1
NoteI,1
O,1
OK,1
OngBak,1
Wales,1
WallI,1
OldII,1
Walks,1
Walkabout,1
Oliver,1
Oliver!,1
Ollie,1
WalkII,1
Olympians,1
WallII,1
Olympus,1
Omer,1
Waking,1
OnceI,1
Zootopia,1
Wake,1
Zoom,1
Wakanda,1
Zorro,1
Okja,1
OK?,1
Oculus,1
Object,1
OblivionI,1
Obsessed,1
Ocean,1
Wanda,1
Oceans,1
Octopus,1
Octopussy,1
Odd,1
Okay,1
Zulu,1
Odds,1
Waltz,1
Odyssey,1
Offer,1
Walter,1
Officer,1
Wallflower,1
Nobody's,1
WaterI,1
Noah,1
Navigator,1
Napoleon,1
Nashville,1
Nate,1
Weight,1
WeekendII,1
Nausicaä,1
Navalny,1
Navarone,1
Near,1
WereRabbit,1
Nebraska,1
Weathering,1
Weather,1
Negotiator,1
Neighbor,1
NeighborI,1
Neighborhood,1
Neighbors,1
Wendell,1
Werewolf,1
WaterII,1
Myers,1
Who!,1
Whitney,1
Whisperer,1
Whisper,1
Whiskey,1
Whiplash,1
Mutants,1
MuteII,1
Whip,1
Nancy,1
Where'd,1
Wet,1
Westworld,1
NIMH,1
Naa,1
Nacho,1
Werewolves,1
Named,1
NeighborsI,1
Nell,1
Wears,1
Watership,1
Nice,1
Nicky,1
Watson,1
Night's,1
Waterworld,1
Nightbreed,1
Nightcrawler,1
NightingaleI,1
Waters,1
Nemesis,1
Waterfront,1
Waterboy,1
Wife's,1
Ninjago,1
du,1
Ninjas,1
Ninth,1
del,1
eXistenZ,1
Waves,1
Newsies,1
WavesI,1
Nemo,1
Neon,1
Nerds,1
NerveI,1
Nest,1
NestI,1
NetI,1
quai,1
Neutron,1
n,1
Neverland,1
Wide,1
Widow,1
guerre,1
Wax,1
Newark,1
Newmar,1
Ones,1
Onion,1
Valet,1
Vertigo,1
ViceI,1
Wilderpeople,1
Patch,1
Paterson,1
Pathaan,1
Pathfinder,1
Paths,1
Vesper,1
Vertical,1
PassengersI,1
Quiz,1
Patrol,1
Versus,1
Patton,1
Veronica,1
Paws,1
Pay,1
PaybackI,1
Vicky,1
Zombies,1
Verdict,1
Vie,1
Parasite,1
Villa,1
Parenthood,1
Vile,1
Parents,1
Vietnam,1
Parker,1
Parnassus,1
Videotape,1
Victoria,1
Zookeeper's,1
Parts,1
Zoo,1
Videodrome,1
PartyI,1
VictoriaII,1
Pass,1
Passenger,1
Paycheck,1
Peabody,1
OnwardI,1
Zola,1
Zombie,1
Peppermint,1
Vampyre,1
Willow,1
Perdition,1
Zombeavers,1
Perfection,1
Values,1
Valor,1
Van,1
Valkyrie,1
Perfume,1
Period,1
Perks,1
Perros,1
Perry's,1
Valhalla,1
Persia,1
Penelope,1
Pelican,1
Peace,1
Vault,1
Peacemaker,1
Peach,1
Ventura,1
Zombieland,1
VengeanceII,1
Vendetta,1
Veil,1
Peaks,1
Vast,1
Vanilla,1
Varsity,1
Peanut,1
Vanities,1
Peel,1
VanishingII,1
Vanishing,1
Peewee's,1
Peggy,1
ParanoiaI,1
Parallel,1
Paradox,1
OuijaII,1
Osage,1
Osmosis,1
Otherhood,1
WALL·E,1
Otto,1
Ottoman,1
Ouija,1
Véronique,1
Vu,1
Wag,1
Voyeurs,1
Outback,1
Outdoors,1
Voyagers,1
Outfield,1
Outfit,1
Vow,1
Outlander,1
Orphanage,1
Orlando,1
Wilder,1
Opus,1
Ooze,1
Waitress,1
WildI,1
WaitingI,1
Waiting,1
Wait,1
Opportunities,1
Oppy,1
Orange,1
Origins,1
Orchid,1
Order,1
Ordinary,1
Wain,1
Wailing,1
Wages,1
Origin,1
Original,1
VolverI,1
Voltage,1
Outpost,1
Pamela,1
Vision,1
Pairing,1
Pajamas,1
Virtuosity,1
Virtue,1
Palace,1
Virginia,1
Palmer,1
Pan's,1
VoidI,1
Vinny,1
Wildcat,1
Pandorum,1
Panic,1
Papillon,1
PapillonI,1
Paprika,1
Parabellum,1
Painted,1
VisitI,1
Vista,1
Vita,1
OutsiderI,1
Outsiders,1
Ove,1
Void,1
Overdrive,1
Overlord,1
Oxygen,1
Voices,1
PAW,1
Voice,1
PS,1
VivoI,1
Pacifier,1
Vivarium,1
Paddle,1
Paid,1
Viva,1
Quixote,1
Toronto,1
REC,1
Survivor,1
Shallow,1
Shallows,1
Striking,1
Strike,1
Shane,1
ShangChi,1
Shaolin,1
Shape,1
Shark,1
Strictly,1
Sharkboy,1
Whole,1
Woolf?,1
Sharp,1
Sharper,1
ShatteredII,1
Shaun,1
Shaw,1
Streetcar,1
Shall,1
Shakespeare,1
Shakes,1
Striptease,1
Seriously,1
Serpico,1
Served,1
Stu,1
Session,1
StrongerI,1
Strong,1
Seventeen,1
Word,1
Shagged,1
Sexes,1
Sexy,1
ShackI,1
Stripes,1
Within,1
Shadow,1
Striped,1
Shaft,1
Shawshank,1
Shazam!,1
Sheep,1
Showgirls,1
Shopaholic,1
Shoplifters,1
Shortbus,1
Shorty,1
Shotgun,1
WolfII,1
Shots!,1
Wonka,1
Showing,1
ShooterI,1
Showman,1
Storks,1
Shut,1
Stopping,1
Shutter,1
Siberia,1
Stop,1
Stood,1
StoryI,1
Shoot,1
Withnail,1
Shin,1
Streak,1
Shelley's,1
Strays,1
Wood,1
Shelter,1
Shepherd,1
Strawberries,1
Sherman,1
Witness,1
StowawayI,1
Shining,1
Ship,1
StrangerII,1
Shirley,1
Wiz,1
Straight,1
Shock,1
Shockingly,1
Serious,1
Stuart,1
Work,1
Seabiscuit,1
Scripture,1
Scrooged,1
Superbad,1
Scruggs,1
SuperPets,1
Scum,1
Worm,1
SuperI,1
Seahorse,1
Supergirl,1
Seal,1
Search,1
Searchers,1
SearchingIII,1
SundayI,1
Sunday,1
Seas,1
Sundance,1
Screaming,1
ScreamI,1
Seasons,1
Scots,1
Science,1
Scoob!,1
Surrogates,1
Scorch,1
Surfer,1
Scorpion,1
Surf's,1
Scotland,1
Supremacy,1
Superhero,1
Support,1
Superstar,1
Scott,1
Scoundrels,1
Worst,1
Scout,1
SupernovaI,1
Scouts,1
Sum,1
Sully,1
Stuber,1
Separation,1
Style,1
Stutz,1
SemiPro,1
Senior,1
Stuff,1
Sensibility,1
Sentence,1
Sentinel,1
Studio,1
Submarine,1
Stuck,1
Seraphim,1
SerenaI,1
Serendipity,1
Working,1
Serenity,1
SerenityI,1
Serial,1
Selma,1
SelfDefense,1
Sugarland,1
Secret!,1
Sudden,1
Seattle,1
Seberg,1
Sucker,1
Secondhand,1
Seconds,1
Sucka,1
Success,1
Secret?,1
Self/less,1
Secretariat,1
Suburbicon,1
Secretary,1
Subsequent,1
Security,1
Seduction,1
Seeking,1
Selena,1
Stole,1
Sid,1
Stoker,1
Spot,1
Spread,1
Smoochy,1
Smooth,1
SpotlightI,1
Spotless,1
Snakes,1
Snaps,1
Snatch,1
WomanI,1
Smoke,1
Sneakers,1
Spoiler,1
SnitchI,1
Spock,1
Snowden,1
Snowman,1
SplitIX,1
Splice,1
Smokin',1
Spree,1
Snowy,1
Slums,1
Slither,1
Squall,1
Squad!,1
Sliver,1
Spun,1
Sloane,1
Slumberland,1
Slumdog,1
Smart,1
Smithsonian,1
Smaug,1
Springs,1
Smell,1
SpringI,1
Smile,1
SmileV,1
Smith,1
Spring,1
Snowpiercer,1
Snyder's,1
Square,1
Spawn,1
SpectreI,1
Spectacular,1
SongbirdII,1
Species,1
Sonja,1
Sophie's,1
Special,1
Speak,1
Spartans,1
Spell,1
Spartacus,1
Souls,1
Sparrow,1
Sparks,1
Spanglish,1
Spaceballs,1
Source,1
Soylent,1
Speech,1
Spencer,1
Soccer,1
Spiderwick,1
Softly,1
Spiral,1
Spinal,1
Soho,1
Solace,1
SolaceII,1
Spin,1
Soldado,1
Soldier's,1
Somewhere,1
Spiderhead,1
SpiderVerse,1
Womb,1
Some!!,1
Spider's,1
Won,1
Sphere,1
Something's,1
Sling,1
SquarePants,1
Sides,1
Staten,1
Staying,1
StayI,1
Singer,1
Singh,1
Singin',1
Station,1
States,1
Singing,1
Singles,1
Sinbad,1
Wolfwalkers,1
Starship,1
Sir,1
Stars,1
Sirens,1
Starman,1
Starling,1
StarletI,1
Stealing,1
Wolfman,1
Stargate,1
SilenceI,1
Sideways,1
Stock,1
Sight,1
Wong,1
Signal,1
Significant,1
Signs,1
Stitch,1
WonderlandI,1
Simon,1
SilenceII,1
Sting,1
Stillwater,1
Stick,1
Silkwood,1
Stepmom,1
Silverado,1
Stealth,1
SissyI,1
Sister's,1
Slim,1
Sleepover,1
Slap,1
Slaughterhouse,1
Slave,1
Stalin,1
Stalag,1
Sleepaway,1
Sleepers,1
Sleepless,1
Sleeps,1
Skyscraper,1
Sleepy,1
Stairs,1
Stage,1
Squid,1
Slevin,1
Slickers,1
Sliding,1
Squeakquel,1
Skywalker,1
Skyfall,1
Starfighter,1
Skies,1
Stare,1
SistersIII,1
Sith,1
Six,1
Stardust,1
Sixteen,1
Sixth,1
Skeleton,1
StarI,1
Stallion,1
Stanford,1
Standing,1
SkinI,1
SkinV,1
Skinamarink,1
Skiptrace,1
Wolverine,1
Stan,1
Survivalist,1
Schmucks,1
Translation,1
Schmidt,1
Repo!,1
Titanic,1
Wings,1
ReportI,1
Titane,1
Tiny,1
Tintin,1
Reservations,1
Reservoir,1
Tinker,1
Timeline,1
Resort,1
Timecrimes,1
Respect,1
Resurgence,1
Timecop,1
Resurrections,1
Retaliation,1
Retreat,1
Yards,1
TogetherI,1
Togo,1
Tomahawk,1
Rejects,1
Tomorrowland,1
Relic,1
Reloaded,1
Remains,1
Tombstones,1
Tombstone,1
Tomatoes,1
Reminiscence,1
Replicas,1
RemorseII,1
Reno,1
YearOld,1
Tom,1
Rent,1
Tolkien,1
Repeat,1
Replacements,1
Yankovic,1
WinnDixie,1
Winnie,1
Xanadu,1
Thyme,1
Thunderdome,1
Riders,1
Thunderbolt,1
Ridgemont,1
Ridiculous,1
Riding,1
Rifkin's,1
Thunderball,1
Ticket,1
RightI,1
Throw,1
Throttle,1
Righteous,1
Threads,1
Thread,1
Ringers,1
Thou?,1
Tibet,1
RickyI,1
Tights,1
Revolutions,1
Revelation,1
Revenant,1
Tight,1
RevengeI,1
Yang,1
RevengeII,1
Tiffany's,1
Revolution,1
Revolver,1
Rick,1
Rhapsody,1
Ricardos,1
TiesI,1
Ties,1
Winter,1
Tide,1
Richie,1
Xander,1
Wine,1
Tonight,1
RegressionI,1
TownI,1
Rainy,1
Trading,1
Trade,1
Tracy,1
Trace,1
Toxic,1
Rampage,1
Towns,1
Ran,1
Rainforest,1
Ranger,1
Towers,1
Rango,1
Ransom,1
Rare,1
Rascals,1
Rashomon,1
Rat,1
Rainmaker,1
Traffic,1
Rather,1
TranceI,1
RIPD,1
RRR,1
RV,1
Transformania,1
Raccoon,1
TranscendenceI,1
RaceI,1
Racer,1
Trainwreck,1
Tragedy,1
Rad,1
Radio,1
Raging,1
Trains,1
Ragnarok,1
Training,1
Windfall,1
Raiders,1
Ratatouille,1
Rats,1
Tonya,1
RecallI,1
Torino,1
Rear,1
Reasonable,1
Rebecca,1
RebeccaI,1
Rebel,1
Reborn,1
Recall,1
Records,1
Realms,1
Topo,1
Tootsie,1
Redeeming,1
YesterdayIII,1
Toolbox,1
Reds,1
Reformed,1
Yentl,1
Toro's,1
Really,1
YouII,1
Raymond,1
Raven,1
Towering,1
RavenI,1
Tournament,1
Ravenous,1
TouristI,1
RayI,1
Raya,1
ReAnimator,1
Reality,1
Touch,1
Totoro,1
Reaction,1
Reader,1
Yojimbo,1
Reading,1
Southpaw,1
Yoga,1
Thoroughbreds,1
Ripley,1
Thirty,1
SafeI,1
Rwanda,1
Takedown,1
SLC,1
SWAT,1
Sabotage,1
Tails,1
Tailor,1
Wrinkle,1
Safety,1
Russia,1
TagI,1
Sahara,1
Tad,1
WreckIt,1
TRON,1
TMNT,1
Sally,1
THX,1
TakenI,1
Takers,1
T,1
Tangerine,1
Ruin,1
Tau,1
Ruins,1
Rulez,1
Rum,1
TapsI,1
Writers,1
Tangled,1
Writer,1
Rushmore,1
Talented,1
Rundown,1
Talent,1
Takes,1
Runnings,1
Runs,1
Ruse,1
RushI,1
Salt,1
Synecdoche,1
Ruby,1
Scanners,1
Sweetheart,1
Saved!,1
Wounded,1
Sweetest,1
Says,1
Scandal,1
Scanner,1
Swamp,1
Swallowed,1
SavagesI,1
Worth,1
Scarface,1
SwallowI,1
SuspiriaI,1
Scent,1
Suspiria,1
Schindler's,1
Suspects,1
Swept,1
Savage,1
Salvation,1
Samurai,1
Syndrome,1
Synchronic,1
Sympathy,1
Swordfish,1
Switchgrass,1
Samosas,1
SamsaraI,1
SwitchI,1
Swingers,1
Sausage,1
Sanction,1
Sands,1
Santa,1
Santini,1
Sarah,1
Swimming,1
Saturday,1
Swimmers,1
Rudy,1
Tax,1
Thirteenth,1
Thai,1
Robots,1
Rocco,1
Theater,1
XII,1
Rocked,1
Rocker,1
Thanks,1
Thank,1
Rocketeer,1
Robinsons,1
Witcher,1
RocketmanI,1
RocknRolla,1
Tess,1
Territory,1
Rod,1
Rodrick,1
Terrifier,1
Robot,1
Robinson,1
Rogers,1
ThingI,1
RiseII,1
Thirst,1
Thiren,1
Thinner,1
Thinking,1
Risky,1
Think,1
RitualI,1
River's,1
Roberts,1
XXL,1
RoadI,1
RoadII,1
Roald,1
Roar,1
Thin,1
Rob,1
They/Them,1
Roger,1
Terrible,1
TaxiI,1
Rotten,1
Rosemary's,1
Temple,1
Roses,1
TeethI,1
Rosie,1
Ross,1
Teeth,1
Rosso,1
Rouge!,1
Roscoe,1
Ted's,1
Rough,1
Tears,1
Rounders,1
Rover,1
Row,1
Roxbury,1
Roy,1
Temptation,1
Ten,1
Rollerball,1
Romy,1
Terms,1
Roma,1
Wyatt,1
TerminalI,1
Terminal,1
Term,1
Romantic,1
Terabithia,1
Ron's,1
Rosaline,1
Tension,1
Tenet,1
Wuthering,1
Tenenbaums,1
Tender,1
Tenant,1
Tenacious,1
Rope,1
Whorehouse,1
Leaving,1
MusicI,1
Course,1
Corpses,1
Corral,1
Corvette,1
Cosmopolis,1
Counselor,1
Countdown,1
CountdownIII,1
Counter,1
CountryII,1
Couples,1
Courage,1
Courier,1
Cox,1
Creepers,1
Coyote,1
Crab,1
Crash,1
CrashI,1
Crashers,1
Crawdads,1
CrawlI,1
Crazies,1
Crazy/Beautiful,1
Creation,1
Creature,1
CreedII,1
Corpse,1
Core,1
Copycat,1
Copshop,1
Condor,1
Coneheads,1
Confess,1
Confidential,1
Confused,1
Congo,1
Connecticut,1
Connection,1
Consecration,1
Conspirator,1
Constant,1
Constantine,1
Contagion,1
Continental,1
Continues,1
Contractor,1
Control,1
Conversation,1
Convoy,1
Cook,1
Cooper,1
Coopers,1
Cooties,1
Copperfield,1
Cops,1
CreepI,1
Creepshow,1
Concrete,1
Da,1
Curve,1
Cute,1
Cuties,1
Cuts,1
Cutthroat,1
Cutting,1
Cyborg,1
Cyrano,1
DC,1
DD,1
DOA,1
DUFF,1
Dad,1
Crime,1
DadI,1
Daggers,1
Dahl's,1
Dahlia,1
Daisy,1
Dallas,1
Damned,1
Dan,1
Dancer,1
Dances,1
Dancing,1
DancingI,1
Cursed,1
Cups,1
Cupboard,1
Cup,1
Crisis,1
Cristina,1
Cristo,1
Critters,1
Crooked,1
Cross,1
Crossing,1
Crossroads,1
CrossroadsI,1
Crowd,1
Crowne,1
Crucible,1
Cruel,1
Cruella,1
Cruelty,1
Cruise,1
Cruising,1
Crusade,1
CrushI,1
CryBaby,1
Crying,1
Crystal,1
Cube,1
Cuckoo's,1
Cujo,1
Concussion,1
Complicated,1
Casualties,1
Chipwrecked,1
Cherry,1
CherryI,1
Chest,1
Chevalier,1
Chicago,1
Chick,1
Chicks,1
Child's,1
Childhood,1
Chill,1
China,1
Chinatown,1
Chloe,1
CircleI,1
Chocolat,1
Choice,1
ChoiceI,1
Choose,1
Chorus,1
Christian,1
Christopher,1
Chucky,1
Chungking,1
Church,1
Cider,1
Cimarron,1
Check,1
Chatterley's,1
Chaser,1
Charlotte's,1
Catherine,1
Cats,1
Catwoman,1
Caulder,1
Cauldron,1
Causeway,1
Caution,1
Caveman,1
Celebration,1
Cell,1
CellI,1
Centurion,1
Century,1
Century–,1
Chaddha,1
Chain,1
Chamber,1
Champions,1
Chance,1
ChangeUp,1
Chaplin,1
Chappie,1
Charade,1
Chariots,1
Charles,1
Circle,1
Circuit,1
Compliance,1
Colossal,1
Cocoon,1
Cody,1
Coffy,1
Coherence,1
ColetteI,1
Collection,1
CollectorI,1
Collided,1
Collision,1
Colombiana,1
Colonia,1
Colony,1
Colour,1
Civil,1
ColumbusI,1
ComedianIII,1
Comedy,1
Comet,1
Command,1
Commander,1
Commando,1
Commitments,1
CommuterI,1
Compartment,1
Compass,1
Competition,1
CocoI,1
Cocktail,1
Cocaine,1
Cobbler,1
Claiborne,1
Clayton,1
CleanIV,1
Clear,1
Cleopatra,1
Clerk,1
Client,1
Cliffhanger,1
Clifford,1
ClimaxI,1
Clock,1
Clockwork,1
Clones,1
CloseI,1
CloserI,1
Cloud,1
Cloudy,1
Clovehitch,1
ClubI,1
Clue,1
Clueless,1
Clyde,1
Coach,1
Coast,1
Cobain,1
Danger,1
DangerousIII,1
Danish,1
Eastern,1
Duty,1
Dwarfs,1
Dying,1
EO,1
ET,1
Eagles,1
Earl,1
Earp,1
Earring,1
Earthquake,1
Earthsea,1
East,1
Eating,1
Electrical,1
Ebbing,1
Echoes,1
Eclipse,1
Ed,1
Eddie,1
Edgar,1
Effect,1
EffectsI,1
Effie,1
Eiffel,1
Eiger,1
Eighth,1
Dusk,1
Durham,1
Dupree,1
Dunkirk,1
Dress,1
Dressed,1
Dresses,1
DressmakerI,1
Drifter,1
Dripped,1
DriveI,1
Driven,1
Driving,1
Drugs,1
Drugstore,1
Drum,1
Drumline,1
Dry,1
Dual,1
Duchess,1
Ducks,1
Dude,1
Due,1
Dukes,1
Dumbledore,1
Dumped,1
Dumplin',1
Dungeon,1
Dungeons,1
Eileen,1
Elegy,1
Danny,1
EscapeI,1
England,1
EnoughI,1
Entity,1
Entourage,1
Entrapment,1
Equilibrium,1
Era,1
Eragon,1
Erased,1
Eraser,1
Eraserhead,1
Erin,1
Esq,1
Elektra,1
Estrada,1
Eternal,1
Eternals,1
Eternity,1
Eternity's,1
EuroTrip,1
Europa,1
Europe's,1
Eve's,1
Event,1
Events,1
Everlasting,1
Engines,1
Enemies,1
EndlessI,1
Endings,1
Element,1
Elephants,1
Elf,1
Elizabethtown,1
Ella,1
ElleI,1
Elles,1
Elliot,1
Elmo's,1
Elvira,1
Elvis,1
ElysiumI,1
Emancipation,1
Ember,1
Emergency,1
Emoji,1
Employee,1
En,1
Encanto,1
Encino,1
EndI,1
Endearment,1
Ender's,1
Endgame,1
Ending,1
Dredd,1
DreamlandI,1
Dreamgirls,1
Descent,1
Dekalog–,1
Del,1
Delight,1
Deliverance,1
Delta,1
Demons,1
Den,1
DenialII,1
Dennis,1
Departed,1
DerailedI,1
Descendants,1
Desert,1
Dreamers,1
Desolation,1
Desperado,1
Desperate,1
Detachment,1
Detail,1
Devils,1
DevotionII,1
Dewey,1
Dhoom,1
Dial,1
Diamond,1
Diamonds,1
Deja,1
Definitely,1
DefianceI,1
Deepwater,1
Dante's,1
Darby,1
DareI,1
Daredevil,1
Darker,1
Darkly,1
Darkman,1
Darko,1
Darling,1
DarlingI,1
Daughters,1
Davidson,1
Davis,1
Daybreakers,1
Daydream,1
Daylight,1
Daylights,1
Dazed,1
Deadstream,1
Dearest,1
DeathI,1
Deathtrap,1
Debaters,1
DebtI,1
Deeds,1
Dick,1
Dickie,1
Dictator,1
Dolores,1
Domino,1
Donovan,1
Doomsday,1
Dope,1
Dora,1
Dory,1
Doubt,1
DoubtI,1
Doubtfire,1
Down!,1
DownI,1
Downfall,1
DownhillI,1
Downsizing,1
Dr,1
Draft,1
Drag,1
Dragged,1
DragonHeart,1
Dragonball,1
Dragons,1
Drama,1
Drax,1
Dread,1
Dreamcatcher,1
Dominion,1
Doll,1
Died,1
Dolemite,1
Dielman,1
Dies,1
Dig,1
Dilemma,1
Dimension,1
Diner,1
Dinosaurs,1
Disclosure,1
DiscoveryI,1
Disenchanted,1
Dispatch,1
District,1
Disturbia,1
Diviner,1
Diving,1
Do!,1
DoOver,1
Doc,1
Dodgeball,1
Doe,1
DogI,1
Dogtooth,1
Dogtown,1
Dogville,1
Dolce,1
Catching,1
Castles,1
Muriel's,1
Audition,1
Assault,1
Assignment,1
AssistantIII,1
Astra,1
Astro,1
Athena,1
Atlantic,1
Atomic,1
Atonement,1
AttachedI,1
Attack,1
Attacks!,1
August,1
Axe,1
Australia,1
Automobiles,1
Autopsy,1
AvaIV,1
AvengementI,1
Aviator,1
Awake,1
AwakeIII,1
Awakening,1
Awakenings,1
Awakens,1
Awe,1
Assassination,1
Assassin's,1
Asians,1
Ashes,1
Arabia,1
Arachnophobia,1
Arbitrage,1
Arc,1
Archive,1
Arctic,1
Argentina,1
Argo,1
Argonauts,1
Aristocats,1
Arizona,1
Ark,1
Arlington,1
Armed,1
Armies,1
Arrietty,1
Arrival,1
ArrivalII,1
Arrow,1
Artificial,1
Artist,1
ArtistI,1
Arts,1
Ascending,1
Ashamed,1
Awkward,1
Azkaban,1
Aquamarine,1
Barry,1
Bank,1
Banshees,1
Banzai,1
Bar,1
Barbarella,1
Barcelona,1
Bardo,1
BarefootI,1
Barley,1
Barnyard,1
Baron,1
Barrels,1
Barton,1
BASEketball,1
Basis,1
Bastards,1
Basterds,1
Bathroom,1
Battlefield,1
Battleship,1
Battlestar,1
Baywatch,1
BeachI,1
Beaches,1
Beale,1
Bean,1
Band,1
Bambi,1
Bamba,1
Ballroom,1
BFG,1
BR,1
Babadook,1
Babe,1
BabelI,1
BabylonI,1
Babysitter,1
Babysitter's,1
Babysitters,1
Babysitting,1
Bachelor,1
Backbone,1
BackcountryI,1
Backdraft,1
Backup,1
Badassdom,1
Badlands,1
Badly,1
Baisemoi,1
Baked,1
Baker,1
Bala,1
Balboa,1
Ballad,1
Ballou,1
Aquatic,1
Aquaman,1
Cast,1
Aftermath,1
Admirer,1
Ado,1
Adore,1
AdriftI,1
Adult,1
Advocate,1
Aeronauts,1
Affection,1
Afraid,1
African,1
AfterI,1
AfterLife,1
AftersunII,1
AlertII,1
AgainII,1
Ages,1
Agora,1
AirI,1
Airheads,1
Airplane,1
Airplane!,1
Airport,1
Akimbo,1
Akira,1
Al,1
Alabama,1
Adaptation,1
Adams,1
Adaline,1
Ad,1
'Burbs,1
'Ohana,1
'n,1
AE,1
AI,1
ATL,1
ATMI,1
ATeam,1
AbandonedIII,1
Abbotts,1
AbductionI,1
Abiding,1
Abominable,1
Abraham,1
Absolute,1
Absolutely,1
Abyss,1
Accepted,1
Accountant,1
Accused,1
Ace,1
Aces,1
Acrimony,1
Acts,1
Actually,1
Alcatraz,1
Alex,1
Apt,1
Antebellum,1
Andre,1
Andreas,1
Angela's,1
Angeles,1
Anger,1
Anna,1
AnnaII,1
AnnaVII,1
AnnabelleI,1
Annette,1
AnnihilationI,1
AnonI,1
Anthropoid,1
Alienoid,1
Antichrist,1
Antiviral,1
Antlers,1
Antoinette,1
Antwone,1
Antz,1
Anymore,1
Apartment,1
Ape,1
Apocalypto,1
Apostle,1
Apprentice,1
Anchorman,1
Anastasia,1
Anarchy,1
Analyze,1
Alien³,1
Alita,1
Allegiant,1
Alley,1
Allied,1
Alligator,1
Almanac,1
Almond,1
Almost,1
AloneV,1
Alpha,1
AlphaII,1
Alpinist,1
Altered,1
Amadeus,1
Ambulance,1
Amigos!,1
Amistad,1
Ammonite,1
Among,1
Amores,1
Amsterdam,1
Amy,1
Amélie,1
Anaconda,1
Bean's,1
BearI,1
Bears,1
Built,1
Bubba,1
Buckaroo,1
Bucket,1
Budapest,1
Buddies,1
Buddy,1
Bueller's,1
Buffalo,1
Buffy,1
Bug,1
Bug's,1
Bugsy,1
Bullitt,1
Busan,1
Bully,1
Bum,1
BumblebeeI,1
Bureau,1
Burger,1
Burgers,1
Burgundy,1
Burials,1
Buried,1
BurlesqueI,1
Burn,1
BurnIII,1
Brüno,1
Bruxelles,1
Bruges,1
Bruce,1
Breath,1
BreatheI,1
Breathes,1
Brewster's,1
Brick,1
Brides,1
BridesmaidsI,1
Brief,1
Bright,1
BrightI,1
Brightburn,1
Brimstone,1
Bring,1
Broadcast,1
Brockovich,1
Brokeback,1
Brokedown,1
Broker,1
Bronson,1
Bronx,1
Brood,1
Broomsticks,1
Bros,1
BrosI,1
BrothersI,1
BurntI,1
Bushwick,1
BeastIII,1
Career,1
Campobello,1
Candles,1
Canyons,1
Cape,1
Capernaum,1
Capote,1
Capricorn,1
Captive,1
CaptiveI,1
CaptiveII,1
Car,1
Car?,1
CargoI,1
Business,1
Caring,1
Carlito's,1
Carlo,1
Carnal,1
Carol,1
Casablanca,1
Casanova,1
Cash,1
Cashback,1
Casper,1
Caspian,1
Cassidy,1
Campaign,1
Camp,1
Camino,1
Cameron,1
Buster,1
Butch,1
ButlerI,1
Button,1
Buy,1
Buyers,1
Buzzsaw,1
Bye,1
Byzantium,1
CBGB,1
CHIPS,1
CODA,1
Cabaret,1
Cable,1
Caddyshack,1
Caesar!,1
Cage,1
Cairo,1
CakeII,1
Calibre,1
CallII,1
Caller,1
Calm,1
Calvary,1
Cam,1
Breakthrough,1
Breaks,1
Breakfast,1
Billionaire,1
Benefits,1
Benny,1
Beowulf,1
Bergman,1
Berlin,1
Bernadette,1
Bernie,1
Bernie's,1
Betty,1
Bicentennial,1
Billboards,1
Billie,1
BioDome,1
Breakers,1
Birdcage,1
Birdman,1
Birth,1
Birthday,1
Bites,1
Bitter,1
Biutiful,1
BlacKkKlansman,1
Blackhat,1
Blacklight,1
Blades,1
Blame,1
Benediction,1
Benedetta,1
BeneathI,1
Beneath,1
Beastmaster,1
Beckham,1
BeckyII,1
Becomes,1
Bedknobs,1
Bedroom,1
Bedtime,1
Bee,1
Beer,1
Beerfest,1
Bees,1
Beetlejuice,1
Begin,1
Beginners,1
Beginnings,1
Begins,1
Behaving,1
Behind,1
BehindI,1
Belfast,1
Believe,1
Belko,1
Belly,1
Benchwarmers,1
Bend,1
Blart,1
Blast,1
Bleed,1
Bookshop,1
Boom,1
Boondock,1
Border,1
Borrowed,1
Bottle,1
Bought,1
Boulevard,1
Bounce,1
Bounty,1
BourneI,1
Bowfinger,1
Box,1
BoxII,1
Boxing,1
Boy's,1
Boyz,1
Brahmastra,1
Brain,1
Brains,1
Brasco,1
Braveheart,1
Bravo,1
Brawl,1
BreakUp,1
BreakdownI,1
Booksmart,1
Boogie,1
Blended,1
Bonnie,1
Blew,1
Blind,1
Bling,1
BlissI,1
Blithe,1
Block,1
Blockers,1
Bloods,1
Bloodsport,1
Bloodsucking,1
BlowUp,1
BlueI,1
BlueII,1
Blueback,1
Bob's,1
Bob?,1
Bohemian,1
Boiler,1
Boiling,1
Bolero,1
Boleyn,1
Bolt,1
BombshellI,1
BoneI,1
Bonfire,1
Everything!,1
Everywhere,1
Evidence,1
Lawnmower,1
Lamb,1
Lambs,1
LandI,1
Landmine,1
Lantern,1
Large,1
Lars,1
LaughI,1
Launch,1
LaundromatI,1
Lavagirl,1
Lawless,1
Lawrence,1
Legion,1
Layer,1
LayoverI,1
Leagues,1
Lean,1
Leap,1
Leap!,1
Learning,1
Leatherface,1
Lebowski,1
Ledge,1
LegendI,1
Legends,1
Ladyhawke,1
LadderI,1
Labor,1
Laal,1
Killings,1
Kills,1
Kimi,1
Kin,1
Kindergarten,1
KingI,1
Kingpin,1
Kissed,1
Kite,1
Kitties,1
Klaus,1
Klip,1
Klowns,1
Knew,1
Knight's,1
Knights,1
KnockI,1
Knocked,1
Knot,1
Knowledge,1
KrampusI,1
Krull,1
Kubo,1
Kumar,1
Kwai,1
Legged,1
Lenin!,1
Kicking,1
Lone,1
Lived,1
Llewyn,1
Llorona,1
Loathing,1
Lobo,1
Lobster,1
Local,1
Lock,1
Locke,1
Lodge,1
Logan,1
Lola,1
Longer,1
Leo,1
Longing,1
LooksI,1
Looney,1
Loop,1
Loose,1
Lorax,1
Los,1
Loser,1
LosersI,1
LouI,1
Loud,1
Louise,1
Literary,1
Lionheart,1
Linings,1
LineI,1
Leopard,1
Leprechaun,1
Les,1
Leslie,1
Letter,1
Leviathan,1
Liaisons,1
Liberal,1
Libre,1
Licence,1
License,1
Licorice,1
Lie,1
Lifeforce,1
Lifeguard,1
Lifetime,1
Lightfoot,1
LighthouseI,1
Lightness,1
Lightning,1
Lightyear,1
Lilo,1
Lilya,1
Limit,1
LimitlessI,1
Kiki's,1
Kevin,1
EvilI,1
Ivy,1
Invisibles,1
InvitationI,1
InvitationII,1
Irene,1
IrisI,1
Irrational,1
IrresistibleI,1
Irreversible,1
IslandI,1
Isle,1
Isolde,1
Israel,1
Iwo,1
Jawbreaker,1
JFK,1
Jackal,1
Jackass,1
Jackie,1
JackieV,1
Jacob's,1
Jake,1
Jakes,1
James,1
Jamesy,1
Jane?,1
Jarhead,1
Invincible,1
Invictus,1
Invention,1
Inventing,1
Insomnia,1
Inspection,1
Inspector,1
Instant,1
Instruments,1
Insult,1
Insurgent,1
Insurrection,1
Intentions,1
Interceptor,1
InternI,1
Internal,1
Internet,1
Internship,1
Interrupted,1
Interstellar,1
Interview,1
InterviewII,1
Intimacy,1
Intolerable,1
Intouchables,1
IntruderI,1
Intruders,1
IntrusionII,1
InvasionI,1
Jasmine,1
Jay,1
Kentucky,1
Jury,1
Joy,1
JoyI,1
Judas,1
Judge,1
JudyII,1
Jujutsu,1
Julia,1
Jumper,1
JungleI,1
Jungleland,1
Juno,1
Jupiter,1
KPAX,1
Jazz,1
Kaguya,1
Kaisen,1
Kal,1
Kalifornia,1
Kane,1
KareninaI,1
Kate,1
KateI,1
Keanu,1
Keeper,1
Keeping,1
Kelly's,1
Journey's,1
Josie,1
Josey,1
Joon,1
Jean,1
Jeanne,1
Jeepers,1
Jenkins,1
Jennifer's,1
Jeopardy,1
Jeremiah,1
Jerk,1
JerryII,1
Jersey,1
Jewel,1
Jewell,1
Jexi,1
JigsawI,1
JillI,1
Jima,1
Jimmy,1
JoeI,1
JohnI,1
Johnson,1
Jojo,1
JokerI,1
Jolt,1
Jon,1
Joneses,1
LoveII,1
Lovelace,1
Lovely,1
Miseducation,1
Minari,1
Mincemeat,1
MineII,1
Minority,1
Miracle,1
Miracles,1
Miri,1
MirrorI,1
MirrorsI,1
Misbehaviour,1
Mischief,1
Misconduct,1
Misery,1
Modern,1
Missing,1
MissingI,1
Mississippi,1
Missouri,1
Missy,1
Mist,1
Misty,1
Misérables,1
Mitty,1
Mnemonic,1
Moan,1
MoanaI,1
Minamata,1
Millions,1
Millionaire,1
Millers,1
Memories,1
Memory,1
Memphis,1
Mercenary,1
Mercury,1
Mermaid,1
Mermaids,1
Mess,1
Messenger,1
Messiah,1
Method,1
Metropolis,1
Mexican,1
Mexico,1
Meyerowitz,1
Mice,1
Michele's,1
Mids,1
Midsommar,1
Midsummer,1
Mike's,1
Military,1
MilkI,1
Milkshake,1
Miller's,1
Mockingbird,1
Mohicans,1
Loving,1
Moviefilm,1
MosulI,1
Mother!,1
Mother's,1
Mother/Android,1
Mothering,1
Motherless,1
Mothers,1
Motion,1
Moulin,1
Mouse,1
Mousehunt,1
Mouthful,1
Moving,1
Mole,1
Mowgli,1
Much,1
Mud,1
Mudbound,1
Mugen,1
Mule,1
Multiverse,1
Mumbai,1
Munchausen,1
Munsters,1
Muppet,1
Muppets,1
Mosquito,1
Mortuary,1
Morphin,1
Morgan,1
Molly's,1
Moment,1
Momma,1
Momma's,1
Mommie,1
MommyI,1
Monday,1
Moneyball,1
Monkeys,1
Monster's,1
MonstersI,1
Monstrous,1
Montage,1
Montana,1
Month,1
Monty,1
Monuments,1
Mood,1
Moonage,1
Moonfall,1
MoonlightI,1
Moonraker,1
Moonstruck,1
Morbius,1
Moreau,1
MemoriaI,1
Memoirs,1
Memento,1
Malena,1
Madding,1
Madea,1
Madman,1
Magnolia,1
Magnum,1
Maguire,1
Maid,1
Mail,1
Majesty's,1
Majeure,1
Malcolm's,1
Maleficent,1
Malice,1
Meltdown,1
MalignantI,1
Malkovich,1
Mall,1
Mallrats,1
Malone,1
Maltese,1
MamaI,1
Maman,1
ManIII,1
Management,1
Manchester,1
Mandy,1
Mack,1
Macho,1
Machinist,1
Machines,1
Low,1
Lucas,1
LuceI,1
Luckiest,1
Lucy,1
Lucía,1
Luke,1
Lunch,1
Lure,1
Lust,1
Luther,1
Lying,1
Lyndon,1
Lyrics,1
Léon,1
M,1
M*A*S*H,1
MGAN,1
MM,1
MaI,1
Mac,1
MacGruber,1
MacbethI,1
Machete,1
Machina,1
MandyI,1
Manhattan,1
Manhunter,1
Martian,1
Marwen,1
MaskI,1
Massive,1
MastermindsI,1
Masters,1
Match,1
Matchstick,1
Maud,1
Maude,1
Maurice,1
Mauritanian,1
Maximum,1
Mayhem,1
McFarland,1
McGuire,1
McPhee,1
Me?,1
Means,1
Measure,1
Meat,1
Medieval,1
Meg,1
Megamind,1
Melancholia,1
Melquiades,1
Marvel,1
Martha,1
Maniac,1
Marston,1
Mank,1
Mansion,1
Manu,1
Many,1
Map,1
Mar,1
Marathon,1
Marauders,1
Marcel,1
March,1
Marcy,1
Marge,1
Margin,1
Mariachi,1
Marilyn,1
Mario,1
Marksman,1
Marlboro,1
Marlene,1
Marley,1
Marlowe,1
Marriage,1
Marrowbone,1
Marshall,1
Marshals,1
Insider,1
InsideI,1
Innocents,1
Funeral,1
Freeway,1
Frequency,1
Fresh,1
Frida,1
FriendsI,1
Frighteners,1
Frog,1
Frozen,1
Fruitvale,1
Fugitive,1
Fun,1
Fundamentals,1
Furnace,1
Gates,1
Futile,1
Fuzz,1
Gadget,1
Gain,1
Galactica–,1
Gale,1
Gallery,1
GamblerIII,1
Gamer,1
Gandhi,1
Gang,1
Gardener,1
Freedom,1
Freed,1
Freddy's,1
Freddy,1
Forgetting,1
Forgive,1
ForgivenIII,1
Forgives,1
Forgotten,1
Former,1
Forrest,1
ForsakenI,1
Fortune,1
Forward,1
Founder,1
Fountain,1
FourI,1
Fowl,1
Foxcatcher,1
Foxtrot,1
Foxy,1
Fracture,1
Frailty,1
Framed,1
Frances,1
Francisco,1
Frankie,1
Freaked,1
Fred,1
Gardens,1
Gattaca,1
Gotta,1
Goldfinch,1
Globe,1
Gloria,1
Gnomeo,1
GoI,1
Goats,1
Goblet,1
Godfrey,1
Godland,1
GodzillaI,1
Goin',1
Golda,1
GoldenEye,1
Goldfinger,1
Geisha,1
Goldmember,1
Goldmine,1
Gonna,1
Goodbar,1
Goodfellas,1
Goofy,1
Goon,1
Goonies,1
Goosebumps,1
Gordon,1
Gorgeous,1
Gosford,1
Glengarry,1
Glen,1
Gladiator,1
Giver,1
Gemini,1
Gems,1
General's,1
Generations,1
Genetic,1
Genisys,1
Gentleman,1
Gerald's,1
Gesture,1
Gets,1
Getting,1
Ghostland,1
Gift,1
Gifted,1
Gifts,1
Gigli,1
Gigolo,1
Gilbert,1
Gilmore,1
Ginger,1
GirlI,1
GirlII,1
Girlfriends,1
Git,1
Given,1
ForestI,1
Forest,1
ForeignerI,1
FatherhoodI,1
Fanboys,1
Fanny,1
Fantasia,1
Fantasy,1
FarewellI,1
Fargo,1
Faster,1
Fastest,1
Fatal,1
FataleII,1
Father's,1
FatherI,1
Fatman,1
Ford,1
Favor,1
Favourite,1
Fawn,1
Faye,1
Fears,1
Feast,1
Feelings,1
Feet,1
Fell,1
Fellowship,1
Felon,1
Female,1
Famous,1
FamilyI,1
Fame,1
Falling,1
Evita,1
Ex,1
Excalibur,1
Excellent,1
Exception,1
Executive,1
Exit,1
ExitI,1
Exodus,1
Expect,1
Expecting,1
Explorers,1
Exports,1
ExposedIII,1
ExtraTerrestrial,1
Extraction,1
Extraordinary,1
EyesI,1
Eyez,1
Eyre,1
F,1
Fabelmans,1
Faculty,1
Failure,1
FallenII,1
Fences,1
Ferdinand,1
FernGully,1
Flash,1
Flashdance,1
Flew,1
Flier,1
Flies,1
Flight,1
FlightI,1
FlippedI,1
Floats,1
Floor,1
Flow,1
FlowerI,1
Floyd,1
Flubber,1
Flux,1
Fly,1
Flying,1
Flynt,1
Fockers,1
Following,1
Follows,1
Foo,1
Fool,1
Fool's,1
Fools,1
Foot,1
Flashback,1
Flamingos,1
Ferns,1
Flags,1
Ferrari,1
Ferris,1
Festival,1
Fiddler,1
Fidelity,1
Fierce,1
Fifth,1
Fighter,1
FighterI,1
Fighting,1
Figures,1
Files,1
FilthI,1
Finch,1
Find,1
Finest,1
Finish,1
Fink,1
FireI,1
FirebirdI,1
Fired,1
Fireflies,1
Firm,1
Fistful,1
FiveYear,1
Gothika,1
Grade,1
Innocent,1
Hound,1
Honk,1
Hoodwinked,1
Hook,1
Hooligans,1
Hooper,1
Horrors,1
Horton,1
Hosers,1
HostII,1
Hostage,1
Hostiles,1
Hotels,1
HoursI,1
Hunchback,1
Housemaid,1
Houston,1
Howard,1
Howards,1
Howl's,1
Howling,1
Hrs,1
Hubie,1
Huckabees,1
Hudson,1
Hudsucker,1
Hugo,1
Honeymoon,1
Honest,1
Homesman,1
HomefrontI,1
Hide,1
HighRise,1
Higher,1
Highlander,1
Highness,1
Highwaymen,1
Hillbillies,1
Hillbilly,1
Him?,1
Hit,1
HitchI,1
Hitcher,1
Hitchhiker's,1
Hitman,1
HitmanI,1
HoTep,1
Hobbs,1
Hogs,1
Hold,1
Holes,1
Holidate,1
Holland's,1
Hollywoodland,1
Holy,1
HomeII,1
Humans,1
Hundred,1
Graduate,1
InfernoI,1
InI,1
Inbetweeners,1
Inc,1
Incendies,1
Inception,1
Incident,1
Incredible,1
Incredibly,1
Indecent,1
Indemnity,1
Independent,1
Infernal,1
Infiltrator,1
HundredFoot,1
Influence,1
Informer,1
Inglourious,1
Ingrid,1
Inherent,1
Inherit,1
InheritanceI,1
Inisherin,1
Inkheart,1
Inland,1
Innerspace,1
Innocence,1
ImperiumI,1
Immortals,1
Immaculate,1
Imaginarium,1
HuntII,1
Hunted,1
HunterI,1
Hunters,1
Hurricane,1
Hurt,1
Husband,1
HushI,1
HustleI,1
Hustler,1
Hypnotic,1
IO,1
IX,1
Iceman,1
Idaho,1
Identical,1
Ides,1
Idiocracy,1
Idiot,1
Idiots,1
Idle,1
IfI,1
Ignorance,1
Ikiru,1
Illusionist,1
HeroesII,1
Heroes,1
HeroI,1
Hackers,1
Guernsey,1
GuestI,1
Guffman,1
Guillermo,1
Gulliver's,1
Gummo,1
Gump,1
Gunman,1
Gunpowder,1
H,1
Ha,1
Habit,1
Hacksaw,1
Hereditary,1
Hail,1
Hair,1
Hairspray,1
Hal,1
HalfBlood,1
Hall,1
HalloweenI,1
Hamburger,1
Hamilton,1
Hamilton!,1
Hancock,1
Handful,1
Gucci,1
GuardianI,1
Guaranteed,1
Grumpy,1
Graffiti,1
Grams,1
Gran,1
Grand,1
Grande,1
Grandma's,1
Grape,1
Grapes,1
Grass,1
Gravity,1
Greenland,1
Greyhound,1
Gridiron,1
Grimm,1
Grimsby,1
Grind,1
Grindelwald,1
Grindhouse,1
Grosse,1
Groundhog,1
Grow,1
Gru,1
Grudge,1
GrudgeI,1
Grumpier,1
Handmaiden,1
Hands,1
Hang,1
Havana,1
Haywire,1
Hazzard,1
Head,1
Headhunters,1
Headquarters,1
Hear,1
Heard,1
Hears,1
Heartbreakers,1
HeatI,1
Heaven's,1
HeavenI,1
Heavenly,1
Heavy,1
Heavyweights,1
Heck,1
Hedge,1
Heist,1
HeistIII,1
Helen,1
Helena,1
Hellbound,1
Hendersons,1
HerculesI,1
Hereafter,1
HavenI,1
HauntI,1
Hanging,1
Hateful,1
HangmanII,1
Hank,1
Hanna,1
Hannie,1
Hansen,1
Happen,1
Happening,1
Happens,1
Happiest,1
Happiness,1
Happyness,1
Happytime,1
Harakiri,1
Harbor,1
Hardball,1
Harder,1
Hardly,1
Harlem,1
Harley,1
HarrietI,1
Harrigan's,1
Harris,1
Harvey,1
Hat,1
Hatching,1
Æon,1